ListingId;MarketplaceName;InvalidField
2dd85273-46a8-4484-849b-e6d31e2944e8;AMAZON;listing_status
49f00dc8-2bb0-4f12-82c4-e55837c870db;EBAY;owner_email_address
018f36b0-afef-4963-a4e9-c60753d2dfa3;AMAZON;listing_status
7daa18ed-ae51-4260-a9ad-1e1dfe2cafba;AMAZON;listing_price
a7aece3a-4618-4402-95c2-02e9125c58d1;AMAZON;listing_price
39db60f6-e1ef-49c5-adc6-3f7494a30114;EBAY;listing_status
39db60f6-e1ef-49c5-adc6-3f7494a30114;EBAY;owner_email_address
855a6bc7-27c0-463c-b8bb-004ad6f2ef79;AMAZON;owner_email_address
6108ca4e-fcb2-49f2-9998-d511fc4e123b;EBAY;listing_status
32e0d858-6539-4518-8b06-a01c13299ff6;EBAY;listing_price
a1d6bb76-3f9e-4817-b7f8-e6bde84299c0;AMAZON;listing_status
a1d6bb76-3f9e-4817-b7f8-e6bde84299c0;AMAZON;owner_email_address
a230214a-bb45-4ef4-9d23-371ae8ee9336;AMAZON;listing_price
1b1661a6-3446-4394-b26a-aee2ac6ee380;AMAZON;listing_price
d9003fed-192b-4b69-b65a-01c8c4df382c;EBAY;listing_status
ab846e24-0be3-49d4-9e95-406a852c1595;EBAY;listing_price
ab846e24-0be3-49d4-9e95-406a852c1595;EBAY;owner_email_address
73c63a54-69db-4523-abf1-a19870d0e382;EBAY;listing_price
1c8b1ccd-bfc2-40a5-ba6b-fd6ce466d430;EBAY;listing_price
6ae6c267-7cdc-4f7a-87f3-e63a8348fadd;EBAY;listing_status
401a864d-97da-4cbd-9e05-acd6cd8f15cb;AMAZON;owner_email_address
1feda638-2827-43c2-a666-8a63943980a3;EBAY;owner_email_address
008def99-93b2-4357-9189-0f0e69d45330;AMAZON;listing_status
494e32a1-ca04-4d55-90d6-7e5150302de7;AMAZON;listing_price
c55f5310-7acc-4e56-a7e7-d30d066b0332;AMAZON;listing_status
c55f5310-7acc-4e56-a7e7-d30d066b0332;AMAZON;owner_email_address
20e41f82-f9af-43a8-8aee-b88622846028;AMAZON;listing_price
20e41f82-f9af-43a8-8aee-b88622846028;AMAZON;listing_status
4f87c38e-a2d9-4788-9cb0-8eac2f7d8913;EBAY;listing_price
4f87c38e-a2d9-4788-9cb0-8eac2f7d8913;EBAY;listing_status
5fd4d942-9442-404a-80f0-661322ceb2c8;EBAY;listing_price
5fd4d942-9442-404a-80f0-661322ceb2c8;EBAY;owner_email_address
3b6dbc7e-637e-43e5-a419-2fad8aeb346f;EBAY;listing_status
95978876-2c6f-4617-99f8-78faf6471319;EBAY;listing_price
514db0c6-7387-4b73-94e8-053ae6ab9e5e;EBAY;listing_price
63da5bbe-1000-4574-959c-525047f86d88;AMAZON;listing_price
63da5bbe-1000-4574-959c-525047f86d88;AMAZON;owner_email_address
52ca7003-3112-4c74-9f78-f9d0192647d1;AMAZON;listing_price
52ca7003-3112-4c74-9f78-f9d0192647d1;AMAZON;listing_status
ff43696f-73ed-47cc-bfcd-f9ade825e0d9;AMAZON;listing_status
87d9dd1b-9c93-4bbd-be83-5f10cc4af8cb;EBAY;listing_price
6d552ac2-5f06-4c7f-8bf1-709da85fdf37;AMAZON;listing_price
d37d88d0-e6c3-455e-aabb-e143e452f8c5;AMAZON;owner_email_address
f23938a9-e80a-4ac0-83c0-ea8312539ace;AMAZON;owner_email_address
0a290e20-b856-4202-b323-0a65b48d334e;EBAY;listing_status
80986c12-76a5-4104-adfa-53425d990e65;AMAZON;listing_status
80986c12-76a5-4104-adfa-53425d990e65;AMAZON;owner_email_address
53daadb9-3696-4ec6-a2d6-41b9bea1d24e;AMAZON;listing_price
bd877e37-f4fc-4e6b-9a5a-5c60ad476869;AMAZON;owner_email_address
6b624a61-1ae6-4df3-855e-d35427e5515b;AMAZON;listing_status
ec8797c1-dfc0-4bad-abec-91e86ec43152;EBAY;listing_status
8fba5e61-4189-4871-b1e1-23da7025d0aa;AMAZON;owner_email_address
529ede90-e0d4-47b8-85fc-21e9e01d58d3;EBAY;owner_email_address
90c5e1d0-5ff9-4236-b948-9848ce50411a;AMAZON;listing_price
90c5e1d0-5ff9-4236-b948-9848ce50411a;AMAZON;owner_email_address
4c563f2b-6ed0-4a41-b5c4-03d591687aa4;AMAZON;listing_status
a707a4cb-8a92-4e21-8471-8b56bcb7fec1;EBAY;owner_email_address
b8dfaa38-30ee-4811-afb2-f30f27b0ea17;EBAY;listing_price
ecd4c3a1-e9fb-4cf0-a499-d3d4d236ce79;EBAY;owner_email_address
812fc76e-75ef-4b08-b3e0-6d3f3e246de2;AMAZON;owner_email_address
e40e95d9-3155-4a19-b035-6cf42928f3a0;AMAZON;listing_status
f60afe93-7a9e-458b-b09a-214bb4e23455;EBAY;listing_status
f865cad5-46e5-443c-87ec-f7b96e939455;EBAY;listing_status
f865cad5-46e5-443c-87ec-f7b96e939455;EBAY;owner_email_address
3049e168-370b-4e16-8724-1e4111d4aabb;AMAZON;listing_price
3049e168-370b-4e16-8724-1e4111d4aabb;AMAZON;owner_email_address
bfc7a554-fde0-47d7-bf0e-b9939f5dbd8a;AMAZON;listing_price
bfc7a554-fde0-47d7-bf0e-b9939f5dbd8a;AMAZON;listing_status
bf834a0f-ffa5-4d55-b88b-a15194d7419a;AMAZON;listing_price
c7a0fc9f-79d6-4eae-80fb-52ade3759611;EBAY;listing_price
c7a0fc9f-79d6-4eae-80fb-52ade3759611;EBAY;owner_email_address
15cec282-2e4f-4daa-bc77-d381179f889b;AMAZON;listing_price
1eda2786-58ff-4965-9418-98105237fe69;EBAY;listing_status
1eda2786-58ff-4965-9418-98105237fe69;EBAY;owner_email_address
c681362d-27a8-42c4-9be4-2808f1582a40;EBAY;listing_price
368f7495-2bb4-4466-9fdf-6743187ab4d1;EBAY;listing_price
3fd3112c-f085-47f7-a029-fc9e4ba8f49f;EBAY;listing_price
3fd3112c-f085-47f7-a029-fc9e4ba8f49f;EBAY;listing_status
cbd1542d-06d3-4261-b049-cdcdc4ad7ef3;EBAY;listing_status
d255cb8d-2af0-49c7-81c7-5f29f5eb062d;EBAY;listing_status
e78dd1e4-411c-4fac-b77d-63247a986abb;AMAZON;listing_status
adfd11e4-716a-4d18-add7-6b0e7b9be2bc;EBAY;owner_email_address
f6b2585f-961b-411a-bd1d-70977bddc9e2;EBAY;listing_price
2a6bed55-4a12-4ae6-917d-b90dedc87c95;AMAZON;listing_status
5a57c1b0-9984-4592-9635-5f3cccc97a83;EBAY;listing_status
55ef9c7a-32fa-46b2-bd97-2df0a37a7200;EBAY;owner_email_address
c2c0f924-df76-4560-8eff-90ed8a5b8d83;AMAZON;listing_price
c2c0f924-df76-4560-8eff-90ed8a5b8d83;AMAZON;listing_status
84312a3e-3772-425f-8700-ccfe5defd90c;EBAY;listing_price
391900c8-75ef-42b9-a8e1-2011f5c468ac;EBAY;owner_email_address
1683923a-7089-4f23-b6f2-14e0d8535408;EBAY;owner_email_address
5a65e9d9-9018-462a-aa1b-9d2643c7c937;EBAY;listing_price
1ecd7985-a2c4-4c59-95be-af1623d415d9;AMAZON;listing_status
4ff0da27-58e7-4b61-baca-4deb51fc077b;AMAZON;listing_price
4ff0da27-58e7-4b61-baca-4deb51fc077b;AMAZON;owner_email_address
da794087-4304-4ca9-bb89-f1ad94c20a2a;AMAZON;listing_price
da794087-4304-4ca9-bb89-f1ad94c20a2a;AMAZON;listing_status
7d9eb13f-76b0-42d2-b8ba-91192028d7fd;AMAZON;owner_email_address
afdd0673-d231-46b2-bfea-c1938ac1e1a7;EBAY;listing_status
9a5e926f-eb11-46ba-a7e6-1bba639d7f8d;AMAZON;listing_price
9a5e926f-eb11-46ba-a7e6-1bba639d7f8d;AMAZON;owner_email_address
142314db-25ff-47e0-8366-18bebd71dc8b;AMAZON;listing_status
e2fb81d1-57bc-437c-b4c9-1859c072df36;EBAY;listing_status
9cfd8497-bc42-404f-b031-7469ef6ea60d;EBAY;listing_price
a502612a-68dc-40b2-b9b3-0a3fb5c86441;EBAY;listing_status
a502612a-68dc-40b2-b9b3-0a3fb5c86441;EBAY;owner_email_address
5c18f2f4-5955-4a02-b178-8c7ec331d971;AMAZON;listing_price
1fb0837a-4d31-432a-aaad-bb9dbc9a9d80;AMAZON;owner_email_address
6ea78b1a-84e3-4ff9-8239-40ee73307348;EBAY;listing_price
a208ece1-381e-421c-a01e-82e375b51c03;AMAZON;listing_status
a208ece1-381e-421c-a01e-82e375b51c03;AMAZON;owner_email_address
dbbcb193-167a-45e5-95f8-533ccd0a3c41;AMAZON;listing_status
260adb2b-b61c-4467-90ce-a1c7740070c8;EBAY;listing_status
260adb2b-b61c-4467-90ce-a1c7740070c8;EBAY;owner_email_address
20f9667d-6686-40bd-9c3a-df4043190517;EBAY;listing_price
20f9667d-6686-40bd-9c3a-df4043190517;EBAY;owner_email_address
fe19ce7c-718f-4e79-a4a0-2f9adcf9b157;AMAZON;listing_status
fe19ce7c-718f-4e79-a4a0-2f9adcf9b157;AMAZON;owner_email_address
afa89184-d751-47a9-bac2-ff8503871189;EBAY;listing_price
8711f992-a314-4fbf-b624-5f500344c26b;AMAZON;owner_email_address
a3e59f7b-8445-4def-b111-e87409cdec77;AMAZON;listing_status
c923bdec-a0e7-4f4a-902c-e004679c8fc2;EBAY;listing_status
c923bdec-a0e7-4f4a-902c-e004679c8fc2;EBAY;owner_email_address
8490d876-3b0c-485a-abf5-fc0431c3e3c9;EBAY;listing_status
cafa0c50-3170-4167-9aa4-fe38d3dac954;EBAY;owner_email_address
e0c09ac1-3b79-4342-9907-84fb2fed08bb;AMAZON;listing_status
74cbc5ae-93e2-4a71-a6ea-163813e3ebcf;EBAY;listing_status
848c9397-09f2-4e2f-9a7f-a14bc050d8f3;AMAZON;owner_email_address
ae085ce5-c21c-4c6b-b176-99da09558751;EBAY;listing_status
e7d98dca-fb14-4c69-9cb3-42ae4f955b6b;AMAZON;listing_status
e7d98dca-fb14-4c69-9cb3-42ae4f955b6b;AMAZON;owner_email_address
910b704f-4e4a-4082-bc39-a12512f75040;EBAY;owner_email_address
3a39f709-92fd-42ea-8c0f-6e17a7e2cf67;AMAZON;listing_price
3a39f709-92fd-42ea-8c0f-6e17a7e2cf67;AMAZON;listing_status
f009e8cb-2c98-4a9d-b94d-89da6ba7d82e;EBAY;listing_price
a9daecdc-643a-4cad-87a0-18cb8721d6e3;AMAZON;listing_price
f8db8483-6d91-430b-bb44-c0bdf562dce8;AMAZON;listing_status
6a68816d-9b17-4f08-bd6f-112d9d55b4a6;AMAZON;listing_price
6a68816d-9b17-4f08-bd6f-112d9d55b4a6;AMAZON;listing_status
4550564a-1f47-45af-847d-31a6732e22af;EBAY;listing_status
4550564a-1f47-45af-847d-31a6732e22af;EBAY;owner_email_address
cae6fa88-1275-43ff-9ecb-05e050588c42;EBAY;listing_price
d8ee8cc8-e5b4-45cb-a173-1397e6432b9a;AMAZON;listing_status
2bab79b2-0b94-4b8f-8b6c-452157b02c7d;AMAZON;listing_price
40b1c02c-1d3f-4e5f-9c67-2bca618389cc;AMAZON;owner_email_address
bd950799-7c09-438a-b171-8b0b3fd52d7f;EBAY;listing_price
bd950799-7c09-438a-b171-8b0b3fd52d7f;EBAY;listing_status
ef554c22-0da6-40af-8ee4-3e258d300a0c;EBAY;listing_price
ef554c22-0da6-40af-8ee4-3e258d300a0c;EBAY;listing_status
4ae84ac9-8f7f-420e-b212-c6686e430b39;EBAY;listing_status
5b16c445-fc39-4f35-8e5a-389f9a8350c9;AMAZON;listing_price
f567084d-cf9c-4dc4-bdf1-3be1689a0a91;EBAY;owner_email_address
4b9316ea-7b68-4e65-9d0f-c93319c449b0;EBAY;listing_price
4b9316ea-7b68-4e65-9d0f-c93319c449b0;EBAY;owner_email_address
4d48953a-f0ff-4de9-9fbc-c45145171c87;EBAY;listing_status
1bae643d-b203-4a2d-ae5b-ef4ae953a37f;EBAY;listing_status
8334aee6-2d4f-4032-8571-b102a8b5c328;AMAZON;owner_email_address
15c5a988-5135-41c1-8bea-1a1ef8272488;AMAZON;listing_status
5da487cb-42a4-4a9b-8492-eebd98b903f5;EBAY;listing_status
5da487cb-42a4-4a9b-8492-eebd98b903f5;EBAY;owner_email_address
25030ec0-1da4-4665-bb68-5a9048338a94;AMAZON;listing_price
bd38d488-f1cc-4b32-9c24-afd40f74c34c;EBAY;listing_price
bd38d488-f1cc-4b32-9c24-afd40f74c34c;EBAY;listing_status
e34bbd66-5bde-44a5-b5f2-29fdaa9ffe15;EBAY;listing_status
e34bbd66-5bde-44a5-b5f2-29fdaa9ffe15;EBAY;owner_email_address
a1e6d859-04e7-4d14-a559-65d125e579ba;AMAZON;listing_price
730df79c-a349-43a1-81e5-ab76bae0e284;AMAZON;listing_status
5276d8dc-2f9b-46bf-8a19-12f42a13b960;AMAZON;owner_email_address
d7e94c93-2fad-4a23-8f65-bbc6eeac1688;EBAY;owner_email_address
9eb3616e-7043-4917-8823-6bb6b60c3502;EBAY;listing_price
ea2d309e-3648-43c6-b917-629836f14918;EBAY;owner_email_address
d43c9835-d5f6-4373-aa20-4eb4f7dd0a89;EBAY;listing_status
70e567e6-b31e-475c-8b85-55d0dfb0c0b1;EBAY;listing_price
f69b20ec-7030-49cf-aadc-b8f824afdd87;AMAZON;listing_price
61ec264a-a7a3-4b71-bd7d-762ec28b7dc4;EBAY;listing_status
8e1b4564-0a65-4f9e-b80f-a4f3a67d6fca;AMAZON;listing_price
b16d78f6-12c4-447f-8b04-346f2a5de617;EBAY;listing_price
b16d78f6-12c4-447f-8b04-346f2a5de617;EBAY;listing_status
b16d78f6-12c4-447f-8b04-346f2a5de617;EBAY;owner_email_address
3035ef5d-05a8-4212-badc-0043fecc903a;AMAZON;owner_email_address
ff803f50-81d9-46bd-b4c0-496f8f475416;EBAY;listing_price
6d13c796-ed39-4fb4-9804-bb509fe00360;AMAZON;listing_status
c2247b1e-797d-4c3e-a2be-8600bc0b183d;AMAZON;owner_email_address
d86b9f09-616e-4dd2-b3aa-a853d010f904;AMAZON;listing_price
75ecbe9b-e431-40a8-9a1e-b2078f022faa;EBAY;listing_price
75ecbe9b-e431-40a8-9a1e-b2078f022faa;EBAY;listing_status
3fc77dbc-9e44-49e0-a732-04d4f886970a;AMAZON;listing_price
3fc77dbc-9e44-49e0-a732-04d4f886970a;AMAZON;listing_status
952df419-0be6-46e1-a635-5d13f011f5b4;EBAY;listing_price
76b20d31-3ddf-4725-baad-bd6eb188a5b2;EBAY;listing_price
24dec4fe-6633-4552-a839-7b06b8ec415e;EBAY;listing_price
24dec4fe-6633-4552-a839-7b06b8ec415e;EBAY;owner_email_address
de4b46d6-9421-463f-98d2-e9ca4e240db2;EBAY;listing_status
fb62d6bb-5842-4306-9947-9288985a7beb;AMAZON;owner_email_address
9c54f6be-bd8e-410a-ab49-738e3e616675;EBAY;listing_price
084208c9-0726-4e68-b8ad-852deb10ad10;EBAY;listing_price
084208c9-0726-4e68-b8ad-852deb10ad10;EBAY;listing_status
6184d867-58b7-4652-901f-ac9981e6dcea;AMAZON;listing_price
c8f6d7b5-4240-4199-a32c-87fd4b5676a8;EBAY;listing_price
c55e8232-8665-4d6d-9a5f-53dc4fa1dc3f;AMAZON;owner_email_address
15c396ba-0a6b-4e25-9ff8-8a24a6089e15;EBAY;listing_status
26f1bada-e5c9-416e-a980-38ca63686de1;AMAZON;listing_status
f4a6dd65-884e-4294-9a29-31727b044035;AMAZON;listing_price
f4a6dd65-884e-4294-9a29-31727b044035;AMAZON;owner_email_address
299cb938-f836-450b-b0ef-2e3b5e81132a;AMAZON;listing_price
299cb938-f836-450b-b0ef-2e3b5e81132a;AMAZON;listing_status
299cb938-f836-450b-b0ef-2e3b5e81132a;AMAZON;owner_email_address
0343310b-20b5-44be-92a3-dc3a170fc4f9;AMAZON;listing_status
759fa206-aa14-431d-b03f-11607a2bc0a6;AMAZON;owner_email_address
aede24e6-c056-4d82-930e-c733f6e4cba4;EBAY;listing_price
f6d66dec-efa6-4ace-a178-6f2d2f3b0b91;AMAZON;owner_email_address
8b9b3dcd-4dcb-4b81-ae93-7ade82e6113b;AMAZON;listing_price
74dfc190-ebcd-45e6-b92d-b4fdfe637217;AMAZON;listing_status
4239ddf2-a9a1-49aa-8ecf-a015e86f9a9d;EBAY;listing_price
b53350ea-9954-477d-a867-8c84587fe60c;EBAY;listing_status
309dfcdd-711f-4a42-b32a-1f97a322a4be;AMAZON;owner_email_address
fdabc574-0108-40d7-ade4-f681dcc093fb;AMAZON;owner_email_address
58e463bc-675e-4ad7-ba05-e231bf2ca494;AMAZON;listing_price
b94a7e73-247c-4c5f-9163-8126df59a5c3;AMAZON;listing_price
813182ce-103f-417e-9d13-e6a00351c328;EBAY;listing_price
2c5dbdc7-6468-4c4b-a670-3ff9b4700f08;AMAZON;listing_price
2c5dbdc7-6468-4c4b-a670-3ff9b4700f08;AMAZON;listing_status
dfc40269-668a-4820-af94-cec54fff1901;EBAY;owner_email_address
81f7d571-369d-4a76-8aa6-827b8e406143;EBAY;listing_price
81f7d571-369d-4a76-8aa6-827b8e406143;EBAY;owner_email_address
5a1277f2-a614-4094-b628-722e978aa0f0;EBAY;owner_email_address
e3c68f34-79c2-438a-8c85-2a5758e63df1;AMAZON;listing_price
995507cd-af5b-40c8-913e-f1c34b1f06bc;EBAY;listing_price
995507cd-af5b-40c8-913e-f1c34b1f06bc;EBAY;listing_status
7acf5099-4493-4598-ab1b-6de0558eb38b;AMAZON;listing_price
7acf5099-4493-4598-ab1b-6de0558eb38b;AMAZON;listing_status
ccbbcca0-53f8-40a6-bb82-b780d48bd1ef;AMAZON;listing_price
ccbbcca0-53f8-40a6-bb82-b780d48bd1ef;AMAZON;listing_status
3686a6a2-2610-449a-8a48-42751124bf6b;AMAZON;owner_email_address
ed5a4bf6-5e9a-4026-b3d3-84c8fab034cb;EBAY;listing_price
aa4c88db-dfb4-46d8-80b2-d2fdb61d705d;EBAY;listing_status
aa4c88db-dfb4-46d8-80b2-d2fdb61d705d;EBAY;owner_email_address
e32ad423-757a-4eca-a33c-9c680ce32059;AMAZON;owner_email_address
d05fbc19-d960-44f4-b10f-71e262ed4cbf;AMAZON;listing_status
d05fbc19-d960-44f4-b10f-71e262ed4cbf;AMAZON;owner_email_address
63345274-b131-47c9-8dd8-23063c43712a;EBAY;listing_price
0d0dc0c2-dba8-4cf1-a559-05514e9b7842;EBAY;owner_email_address
5815c233-3170-41d2-abcf-11146941229a;EBAY;owner_email_address
99d035ac-af41-4a37-8e6a-5fa720a262bb;EBAY;listing_status
99d035ac-af41-4a37-8e6a-5fa720a262bb;EBAY;owner_email_address
9bff9a1e-768d-49d1-a170-fd8db8e3d889;AMAZON;listing_price
1f355a24-422d-42cd-a96f-35bc58d2820b;EBAY;owner_email_address
5fed345e-9c05-4d8e-9909-bd582497a9fd;EBAY;listing_status
a439bfa0-d52f-42b3-9061-690b1dba3650;EBAY;listing_price
a439bfa0-d52f-42b3-9061-690b1dba3650;EBAY;owner_email_address
0c7e8c6e-e395-4e64-926d-2981e465e178;AMAZON;listing_status
0c7e8c6e-e395-4e64-926d-2981e465e178;AMAZON;owner_email_address
0e9f8775-a5f2-4853-b8fe-79bd9283e2ba;EBAY;listing_status
0e9f8775-a5f2-4853-b8fe-79bd9283e2ba;EBAY;owner_email_address
db373486-0ee8-43e0-95db-a85e9c13ff9c;EBAY;listing_price
db373486-0ee8-43e0-95db-a85e9c13ff9c;EBAY;listing_status
b5eaa1c6-e2f8-45db-ae74-04f79cc9bd88;EBAY;listing_price
b5eaa1c6-e2f8-45db-ae74-04f79cc9bd88;EBAY;owner_email_address
92710d90-7dc7-401c-a3e8-badb131b0014;AMAZON;listing_price
92710d90-7dc7-401c-a3e8-badb131b0014;AMAZON;listing_status
92710d90-7dc7-401c-a3e8-badb131b0014;AMAZON;owner_email_address
48eee76a-9a94-43e4-b2b0-7e6f2b723c5b;AMAZON;listing_price
492a4654-f9cf-484a-98c3-a71b4859aedc;AMAZON;listing_price
78c99ccb-957c-443f-8259-0da597975c4b;AMAZON;owner_email_address
65ba210a-bad4-41c7-8f65-33eabac8d152;AMAZON;listing_price
b15418b9-9a70-4ad5-92e1-828a6173ad15;EBAY;owner_email_address
da1a7be5-5f78-4f10-8361-da558f236264;AMAZON;owner_email_address
7fa5dab2-2041-4ff4-9dee-8f3fc8f7bb24;AMAZON;listing_price
960d987b-34f1-4fe5-89e9-e4171aea94bb;EBAY;owner_email_address
2edc3613-ace6-40f3-81d4-1002415e2e55;EBAY;listing_price
dc655208-d483-4ff6-b1ae-0a996255c91d;AMAZON;listing_status
15e0cd18-f1d6-4442-935a-a496ecfd1d07;EBAY;listing_price
15e0cd18-f1d6-4442-935a-a496ecfd1d07;EBAY;listing_status
fe00f351-7983-43c9-87f3-83308b515731;AMAZON;listing_status
28e625b5-20d3-4a02-8a26-072b3ab6a564;EBAY;listing_status
48612635-cf4b-4685-98f4-556fe75b71bc;AMAZON;listing_price
a557a555-c9fa-4c24-a8f8-14038a458586;AMAZON;listing_status
173e3e47-23e9-443f-b13c-e3f53151f926;AMAZON;listing_price
7e4770b8-0b34-42b5-89fc-334984039a9a;AMAZON;listing_price
7e4770b8-0b34-42b5-89fc-334984039a9a;AMAZON;listing_status
35bf0ccd-4289-403d-9925-9d7e70547b4a;EBAY;listing_price
35bf0ccd-4289-403d-9925-9d7e70547b4a;EBAY;owner_email_address
3944e4f7-2d18-47ae-9022-f99c7fd0c7c5;AMAZON;listing_price
3944e4f7-2d18-47ae-9022-f99c7fd0c7c5;AMAZON;listing_status
fcc4f8c1-540a-4492-8222-adfe33c1107e;EBAY;listing_price
36b0871a-66a7-4717-9bfd-416eac7fa217;AMAZON;listing_status
e35b5449-b1a8-4160-b302-44596141e06f;AMAZON;listing_price
e35b5449-b1a8-4160-b302-44596141e06f;AMAZON;listing_status
3c8745ea-e0a7-40c5-bb37-c7f44790ab4a;EBAY;listing_status
9ac77832-aac2-4271-9bb2-0af5af7f5514;EBAY;listing_status
16a77550-1f63-4e7c-8063-3c80d9f77cd7;EBAY;listing_status
443cdfb4-b029-47f7-8c7f-2e64b86a5f9e;AMAZON;listing_status
31095014-fce7-4ab0-a948-e72e088eea4a;EBAY;listing_status
69ce32d6-3a8a-46b2-8e19-f15365ce3abd;EBAY;listing_price
45f98cce-f73f-4798-aeb7-6387c927c5d6;EBAY;listing_price
4157ccd8-3fbb-44f8-9d76-532030c7fbc6;AMAZON;listing_price
c3c07833-1126-45dc-86ef-3ebb9c2f2ad5;AMAZON;listing_status
b8524ed9-487f-42bd-af40-66cd7431f980;AMAZON;listing_status
533b1a7e-23b0-4eae-8f91-0c052d584191;EBAY;listing_status
533b1a7e-23b0-4eae-8f91-0c052d584191;EBAY;owner_email_address
229b4808-8bd3-4837-bfdf-72cc766c0460;EBAY;listing_status
229b4808-8bd3-4837-bfdf-72cc766c0460;EBAY;owner_email_address
09c6bbfc-495f-4e10-a047-bb31a465143b;EBAY;listing_status
09c6bbfc-495f-4e10-a047-bb31a465143b;EBAY;owner_email_address
bfe8e922-6191-44cb-9293-3427ee34a73d;AMAZON;listing_status
619a8679-1c32-4aee-8df2-a037e532d60e;AMAZON;listing_status
46d3cc5e-2651-4fe2-a558-460c196c6c68;EBAY;listing_price
46d3cc5e-2651-4fe2-a558-460c196c6c68;EBAY;listing_status
0d27a115-c324-4314-bfa6-07dd12608272;EBAY;listing_price
a0f10ea0-bf7d-431a-834a-12d741ea73f9;AMAZON;listing_status
c40404c8-3ce1-4ed1-abc1-a42a1b21f46c;AMAZON;listing_price
c40404c8-3ce1-4ed1-abc1-a42a1b21f46c;AMAZON;owner_email_address
09cfe419-8193-4aeb-8488-b03e37454bd4;AMAZON;owner_email_address
44ce4b13-3654-4aaa-afc7-202822ad3a45;EBAY;owner_email_address
ae66d9b5-c9e4-4db1-aad2-c78ceff854a9;EBAY;listing_price
1d54f35c-59df-4bdb-b694-405e60bb7d9f;AMAZON;owner_email_address
8f6a5800-c2b2-4d75-b22d-5aa4be3c802e;AMAZON;listing_status
ed71af29-43fc-47d2-9f54-bfc07c78d620;EBAY;listing_status
5a42cd23-4a20-41db-8363-e85604fd73f9;EBAY;listing_status
5a42cd23-4a20-41db-8363-e85604fd73f9;EBAY;owner_email_address
5f006acd-8d88-4035-afbc-903dfa31ea56;EBAY;listing_status
7d402cc0-536b-4195-8faa-191babc3c282;AMAZON;owner_email_address
611dd412-7766-4d51-8d98-23e3be011663;EBAY;owner_email_address
f5238919-4b8e-4fc4-aeeb-759369f6c372;AMAZON;owner_email_address
f21235f4-70a6-4585-b289-3128e9b3493e;EBAY;listing_price
f21235f4-70a6-4585-b289-3128e9b3493e;EBAY;owner_email_address
d0e0fae3-9f60-47e7-92d8-b01cd9b4171f;AMAZON;listing_price
d0e0fae3-9f60-47e7-92d8-b01cd9b4171f;AMAZON;owner_email_address
ae0c2431-797c-4706-b8a1-065b0cd312b0;AMAZON;listing_status
f300c687-7602-4337-aab9-a63143849122;EBAY;listing_status
82f6d402-0d22-4971-baf8-b0e4887a516d;EBAY;listing_price
82f6d402-0d22-4971-baf8-b0e4887a516d;EBAY;listing_status
1e67d66d-a26a-4f28-9d09-11bf85b00d09;AMAZON;listing_status
0be55a04-ac2a-4656-9e69-219ff23b6b45;EBAY;listing_status
bf60a1d0-c810-4d38-81be-6ae018a9a01e;EBAY;listing_status
57a0fa8c-d6d4-4a7f-b137-09dd3c8a3cb0;EBAY;owner_email_address
24a6f07f-7041-4494-be4f-030659e182bc;AMAZON;listing_status
24a6f07f-7041-4494-be4f-030659e182bc;AMAZON;owner_email_address
5da23452-9a3c-484c-b61d-79df65034238;EBAY;listing_price
5da23452-9a3c-484c-b61d-79df65034238;EBAY;listing_status
e592f281-09ef-48ef-be7c-bdabeb4faaf0;EBAY;listing_price
e592f281-09ef-48ef-be7c-bdabeb4faaf0;EBAY;listing_status
79af97e0-3dde-4049-ad10-88e89abb2075;EBAY;listing_status
c941b13f-d64a-4516-b8ef-a76080d17604;AMAZON;listing_status
2ae35f03-10cf-4c26-8f20-58ccbc87003e;EBAY;listing_price
3982201e-82fe-49fb-980c-11745a414e27;AMAZON;owner_email_address
6e34e52f-9b4f-41a6-bf3e-2b24d1ab3f23;AMAZON;listing_status
6e34e52f-9b4f-41a6-bf3e-2b24d1ab3f23;AMAZON;owner_email_address
bfbfbe78-da08-4ecc-aeee-180967aa9290;AMAZON;listing_price
bfbfbe78-da08-4ecc-aeee-180967aa9290;AMAZON;listing_status
1beaa0de-9310-48f9-acaf-28a5481492ea;EBAY;listing_price
605db587-4cda-4afe-bc46-da9f01f2f166;AMAZON;owner_email_address
70b78f5e-a92a-44e0-b64f-d2323cd8b6d6;EBAY;listing_status
a9608a8d-540a-42ee-92e4-d151f47f7095;EBAY;listing_price
081a3f9b-feb7-4d9b-96b5-37d43d1ec063;AMAZON;listing_price
081a3f9b-feb7-4d9b-96b5-37d43d1ec063;AMAZON;owner_email_address
fb6c645f-882f-4c30-9d6a-16318b177d63;EBAY;listing_price
fb6c645f-882f-4c30-9d6a-16318b177d63;EBAY;listing_status
966b9b4f-f2d7-4ac8-b8d1-d8ef39f70ac8;AMAZON;owner_email_address
59c6b7d3-f120-4c7d-b7e1-0bba6a92c45a;AMAZON;listing_price
59c6b7d3-f120-4c7d-b7e1-0bba6a92c45a;AMAZON;listing_status
dd86dd94-b50b-4fdb-9351-d3abb3401ace;AMAZON;owner_email_address
275ce22d-a531-4b2c-8ba7-122eedca0d44;AMAZON;listing_price
1a373110-224e-4510-a138-b40bef81254b;AMAZON;listing_price
1a373110-224e-4510-a138-b40bef81254b;AMAZON;listing_status
2567698b-bfa6-404e-9da8-e5f2c91932c3;EBAY;listing_price
2567698b-bfa6-404e-9da8-e5f2c91932c3;EBAY;owner_email_address
11f02b56-65ca-4d8e-9ef8-079d98455bcf;AMAZON;listing_status
11f02b56-65ca-4d8e-9ef8-079d98455bcf;AMAZON;owner_email_address
040a3567-d7ad-4a83-a886-7c7394a6a042;AMAZON;listing_price
040a3567-d7ad-4a83-a886-7c7394a6a042;AMAZON;listing_status
29749e87-8def-4c12-a018-5f3a98cf2a58;AMAZON;listing_price
29749e87-8def-4c12-a018-5f3a98cf2a58;AMAZON;owner_email_address
29f762ad-68c2-49a3-991b-e66ee0842e3e;AMAZON;listing_price
29f762ad-68c2-49a3-991b-e66ee0842e3e;AMAZON;listing_status
a174c8c0-4879-450a-8b50-d75f27e95395;EBAY;listing_price
0d3a98fc-0ccb-4408-a8cd-c0c1bf3fcdac;AMAZON;listing_status
ec6f9dd2-c507-4646-bb1d-9eb4fd9e01eb;AMAZON;owner_email_address
4e294fbb-a188-4609-8d8c-0131f9b1f0b2;AMAZON;listing_status
99bc0bb8-349c-4c61-9c25-86be90163d54;AMAZON;owner_email_address
5b25d96a-f50d-4884-a834-e64a4a8e6f26;AMAZON;listing_price
9f461dd5-14d9-4ac5-b266-108a89816f54;EBAY;listing_status
9f461dd5-14d9-4ac5-b266-108a89816f54;EBAY;owner_email_address
8fbb3ed4-f40d-474f-bacf-639eb81c07c1;EBAY;listing_status
4d765cac-f395-4cc1-bd41-b5f1f7f4dbc5;EBAY;listing_price
4d765cac-f395-4cc1-bd41-b5f1f7f4dbc5;EBAY;listing_status
ca9cc602-81bf-46d5-8761-88a69f9823be;AMAZON;owner_email_address
7e216fe2-8f0d-4d46-91fd-b1aac96c95b5;EBAY;listing_price
78f6a0c6-c767-48ce-807a-b2f18590244b;AMAZON;listing_price
2d19b2cb-fc10-4c83-ab6e-7d940ee97fa8;AMAZON;listing_status
36924a1e-55a9-4e13-95e6-9b67f1c03e3e;EBAY;listing_price
36924a1e-55a9-4e13-95e6-9b67f1c03e3e;EBAY;listing_status
466bbdd6-8459-4605-b835-7f75cf3d1d2c;AMAZON;owner_email_address
66b047ac-15b4-4736-a53c-cfd48233299c;AMAZON;listing_status
01718825-c2b7-4c76-a52d-f21a6d4f4860;EBAY;owner_email_address
a620f812-d038-427c-a1eb-ddac2ac1121f;EBAY;listing_price
a620f812-d038-427c-a1eb-ddac2ac1121f;EBAY;owner_email_address
0d8a3156-b5cb-4f74-8f8d-16758e0254b6;EBAY;listing_status
f09e7a8d-9b42-4492-85ee-2537816ee814;AMAZON;listing_status
f09e7a8d-9b42-4492-85ee-2537816ee814;AMAZON;owner_email_address
070ac80d-87da-4f9c-88bc-b9da517c8caf;EBAY;listing_price
f124fe2c-51ab-4859-acc8-839db492a74f;AMAZON;listing_price
ee83eace-3f83-40c5-9273-5303f5423612;EBAY;owner_email_address
8e3fb398-57c9-4b5a-a374-6b3b5b89f9a3;AMAZON;listing_status
576df39d-3612-48bb-9f8e-d845f0fac3fb;EBAY;owner_email_address
46f2b7e3-4bc3-44a5-93d9-26b5ed3da315;AMAZON;listing_status
cc7849d6-1fed-459e-a378-65fdda669f38;EBAY;listing_price
df86a3ec-e568-4aba-9152-e12bfc63c356;EBAY;listing_status
c7c3abec-5485-4481-b0c0-ed688296fd5e;AMAZON;listing_price
c7c3abec-5485-4481-b0c0-ed688296fd5e;AMAZON;listing_status
93023da9-bce0-420e-b285-cfdd8552c876;EBAY;listing_status
b8c2a84c-7574-4276-95fa-9452b7fe510f;EBAY;listing_price
83674798-a092-4605-914f-5c305c809e4e;EBAY;listing_status
ddff800f-2f06-418a-9368-1917378fc37c;AMAZON;owner_email_address
c9fe7922-92cd-4423-9738-5c7368008e1b;AMAZON;listing_status
2f923233-1cf3-4baf-baaf-f52490202bcf;EBAY;owner_email_address
01621d86-63c4-4e7e-94c3-42eb011d1c0c;EBAY;listing_status
01621d86-63c4-4e7e-94c3-42eb011d1c0c;EBAY;owner_email_address
41f08f98-9367-41bc-80b4-872fb6863280;EBAY;owner_email_address
3e54243d-e701-42ce-9f3c-a2b70606c94a;EBAY;listing_status
9af45aad-8194-4569-a384-4fd890335f94;AMAZON;listing_status
fe2a6a14-c248-432c-92b1-c49249a5f0f2;AMAZON;listing_price
308197f0-3850-44f5-8428-862bf69bc340;AMAZON;listing_price
751c93c2-996f-4e23-8fe9-bff83f89ab0e;AMAZON;owner_email_address
b8985207-ef99-4b2d-b8f3-195c469f6bf6;EBAY;listing_status
ce955be0-9625-465e-9dbd-e6f18fa4053f;AMAZON;owner_email_address
83626b37-8ca9-4154-92fc-0332c829a1c6;AMAZON;listing_price
0da8df0f-9cae-4528-adc8-2a498bb5a871;EBAY;listing_status
d4af6453-8c67-474a-832e-8ca3f4d830c9;EBAY;listing_price
d4af6453-8c67-474a-832e-8ca3f4d830c9;EBAY;listing_status
ca51cf3c-dc60-4c1d-af1f-54a411fe796f;EBAY;listing_price
239594d1-7a2f-4f35-a80b-b7db1fb25888;AMAZON;listing_price
239594d1-7a2f-4f35-a80b-b7db1fb25888;AMAZON;listing_status
d027395d-7209-406e-be51-490519860473;EBAY;listing_price
e75c47ba-f5bd-4b85-a69f-c5c6ff8d7970;AMAZON;listing_status
c06f6867-25b4-487d-a1da-26c9767fce7f;AMAZON;owner_email_address
d5ea8d2e-b4f6-41f7-a171-c937bbe6e6b2;EBAY;owner_email_address
0b0a60db-7b97-4f09-ad28-93fe1340de47;AMAZON;listing_status
0b0a60db-7b97-4f09-ad28-93fe1340de47;AMAZON;owner_email_address
48dc94ed-3a91-4f59-a2f9-1647797553d7;EBAY;listing_price
c5bbfe21-fb51-4baf-a486-f37d7a0b75ca;AMAZON;listing_status
9e3bcaac-6596-4437-963d-959a212fd224;AMAZON;listing_status
ab634723-4527-419f-8c7b-bcdb0439fb12;EBAY;owner_email_address
bf34ec34-cc58-462a-b1ac-ec2161ffab54;AMAZON;listing_status
f5c655e4-9b4d-404b-b73a-ec04659826c1;AMAZON;listing_price
f5c655e4-9b4d-404b-b73a-ec04659826c1;AMAZON;listing_status
0401498e-6667-41d2-bb0d-49dc2eae94c0;EBAY;listing_price
4847453f-7b93-4b2b-a9c7-d380e0d98861;EBAY;listing_status
a9b95f1f-e8e7-42f8-9816-eef1b2ce0931;AMAZON;listing_status
4a4e37eb-ce3d-48ff-9ca0-8ff7134a66b3;AMAZON;owner_email_address
7803e2c6-b4c1-4e5b-ae0e-bbcee2ea2ac4;AMAZON;owner_email_address
d1bafa3c-76f2-4fbe-8176-66517006ef93;AMAZON;listing_price
64b327e0-a76d-4282-a75e-ee1de4e5e0ad;EBAY;owner_email_address
82fb360d-4dc2-47d2-bc96-660138af4ed9;EBAY;listing_price
2efcd323-ba72-4d95-a595-c0d1f2e19c62;AMAZON;listing_price
2efcd323-ba72-4d95-a595-c0d1f2e19c62;AMAZON;listing_status
6e5cecab-8015-49b5-9a30-372935fc0e11;AMAZON;listing_price
ae6e79bc-2d57-4c02-b402-bff6eec1e418;EBAY;listing_status
cc6c2c62-15ae-42bf-ab1e-97e17b5f55fa;EBAY;listing_status
a9d8fe7d-887a-4287-839f-587446466969;AMAZON;listing_status
e5fab2b1-f35d-44be-8516-0fc324e76b2a;AMAZON;owner_email_address
09851ca2-44ef-4d7a-865e-a3ee48ca149e;EBAY;owner_email_address
2063cdfe-432b-4610-84e7-57d5ac1696d8;AMAZON;owner_email_address
3ae7c681-bad1-4335-a0d2-aa74c55aa44f;AMAZON;listing_price
3ae7c681-bad1-4335-a0d2-aa74c55aa44f;AMAZON;owner_email_address
9bb41f77-61da-4d07-820e-d54bc2443795;AMAZON;listing_price
c29862c1-4789-40e2-ba85-99db4b44d36b;AMAZON;listing_price
c29862c1-4789-40e2-ba85-99db4b44d36b;AMAZON;listing_status
db3f44ee-b118-4bab-9917-eb8c9c7c068a;EBAY;listing_price
2ac323ec-2e42-42f0-a635-284ba1512eff;AMAZON;owner_email_address
98619096-2ee0-4d40-981c-b58f973fb02d;AMAZON;listing_price
95f0a602-8f97-4bab-a8e9-6c93555c967e;AMAZON;listing_price
3942e6a2-bcb5-43f9-b74d-03c59d74ef14;EBAY;listing_status
973e0ae0-5974-4f1b-af70-285abd0412a9;AMAZON;listing_price
973e0ae0-5974-4f1b-af70-285abd0412a9;AMAZON;owner_email_address
dc7a2b5d-d1ae-4025-b202-0978b059043c;EBAY;owner_email_address
f1ef7cbc-b887-4e75-9967-3bad0577a82a;EBAY;owner_email_address
b0f35ef0-021d-49f3-b99f-a8feae4c1754;AMAZON;owner_email_address
6263b86f-d559-43d6-b0f5-60fe21b53d1c;EBAY;listing_status
b14e4335-e33f-42ef-9744-bbc2c9af789d;EBAY;listing_status
7dfb3a74-8daa-4168-bb09-8d16db05a1e1;AMAZON;owner_email_address
9925e39e-3fc5-4b45-baf7-faf746b73867;AMAZON;owner_email_address
0633c60c-f4e6-42ae-b9bd-a359b924e972;AMAZON;owner_email_address
2b2164af-28f1-4734-aef5-bd7bebab9634;EBAY;listing_status
0d5c4fc6-3035-4f2b-8d21-3c371e094d45;AMAZON;listing_status
89b161e1-0388-4cc1-aa63-b0b42d8cc158;EBAY;listing_status
19171224-998c-4c12-b8dc-ffe86a462ea8;AMAZON;owner_email_address
8d2e5479-2f34-475c-a78d-f317287ca8a0;EBAY;owner_email_address
856afe57-2d2d-42c8-a86b-d75123f057d4;AMAZON;owner_email_address
5196d627-262d-4cbd-b114-1b14e13e81f2;AMAZON;listing_price
75c76337-3d41-4e8e-b80d-63bda073b9ce;EBAY;owner_email_address
e28c2170-63e6-48ca-80da-86e4abfee951;AMAZON;listing_price
e28c2170-63e6-48ca-80da-86e4abfee951;AMAZON;listing_status
fede094f-090b-40f1-9d25-d67d96f05d6c;AMAZON;listing_price
2f4b41e2-88d9-4504-9623-b178e1b8b02f;AMAZON;owner_email_address
28f1ca57-99c8-4dc6-93f1-6c13ea082941;EBAY;listing_price
28f1ca57-99c8-4dc6-93f1-6c13ea082941;EBAY;owner_email_address
96af2eed-b39a-4551-a664-2c76ab492735;EBAY;listing_status
c65d39d5-bee1-44d8-988e-90f7497a8f33;EBAY;listing_price
c65d39d5-bee1-44d8-988e-90f7497a8f33;EBAY;owner_email_address
c1ebd310-9536-49ab-b296-5e53e2b7d91a;AMAZON;owner_email_address
7baa79cc-fb81-429a-9f31-bbe26f2a3279;AMAZON;listing_status
7baa79cc-fb81-429a-9f31-bbe26f2a3279;AMAZON;owner_email_address
7849eca4-47ec-443c-a7fd-4d406e8dd7d0;EBAY;listing_price
239a82d2-7f56-4fc8-88fb-871cb6cdfc67;EBAY;listing_status
6678ec06-251c-4033-882a-95cd1d5f5195;EBAY;listing_price
6678ec06-251c-4033-882a-95cd1d5f5195;EBAY;listing_status
d9aaeade-487e-4e81-87f6-e040b0f01891;AMAZON;listing_status
d9aaeade-487e-4e81-87f6-e040b0f01891;AMAZON;owner_email_address
b5af3c70-7994-4e9c-ad0c-f44ee7ae1737;AMAZON;listing_status
5963f21a-79ac-428b-9a38-e8c2c71ff2a3;AMAZON;listing_price
e342c465-df7f-4af7-b6b6-a0105c4a769b;AMAZON;listing_price
f1da5bb3-c4c0-481e-8948-3af89173098a;EBAY;listing_price
ae9ec97c-e33e-48dd-b352-815397454f34;EBAY;listing_price
635dbf02-ea5a-48a2-b91a-6d0fbbd0a5a6;EBAY;owner_email_address
97e0fda8-347d-4647-bfe4-acce560b0659;EBAY;listing_price
eee0008f-324e-4e80-a243-f68c4533e72b;AMAZON;owner_email_address
a7600a1d-86f7-4e81-a253-ade608ab9ce7;AMAZON;listing_status
a7600a1d-86f7-4e81-a253-ade608ab9ce7;AMAZON;owner_email_address
e4eb8f24-8e1a-43ce-8c63-1bdb53c1961e;AMAZON;listing_price
e4eb8f24-8e1a-43ce-8c63-1bdb53c1961e;AMAZON;listing_status
0df24679-261c-485c-9e87-241a286f0c65;AMAZON;listing_status
997917c8-4892-460c-9550-da5c3ae280d5;AMAZON;owner_email_address
d3d8a1cf-24e1-4ca0-8e0f-6f5c18b29bb4;AMAZON;owner_email_address
ea7b0320-a119-4694-9846-dd15c3bad6b1;EBAY;listing_price
3f6b7ec7-2b29-4fc4-97ce-381d5fcc9071;EBAY;listing_price
3f6b7ec7-2b29-4fc4-97ce-381d5fcc9071;EBAY;owner_email_address
f719b53c-b004-411c-b7ea-0dbdcf663891;AMAZON;listing_price
f719b53c-b004-411c-b7ea-0dbdcf663891;AMAZON;listing_status
0c7101c0-6661-45ed-bead-45e6aab91e60;AMAZON;listing_price
522e6002-00c3-4248-a9d7-f71b139839d1;AMAZON;listing_price
77ef0d00-60cd-45e4-8392-907d4487e17f;AMAZON;listing_price
1308c359-f1c6-4a7d-a5f4-7f22acb58822;EBAY;listing_status
29b9a258-b565-4ddc-aa56-7e195dc3118b;AMAZON;listing_price
7534f438-89de-4113-94b6-e8f132d88a3c;AMAZON;listing_status
7d56c6f0-3eb0-4a96-a72a-f486e0adb179;AMAZON;owner_email_address
c65c7d0a-632c-429e-8a90-f4c967e3ac05;EBAY;listing_price
845308af-49cf-4e63-8c82-758239ee2e82;AMAZON;listing_status
69b7a67d-8133-4193-8b69-9100cda98f9b;EBAY;listing_price
e84a89a1-59f7-400f-9e93-0270d7c9e7fe;EBAY;listing_price
e105da72-ae7a-4169-9a67-773b4a881254;EBAY;listing_price
f047bcae-d422-4360-b54f-44c13e20d6a3;EBAY;listing_status
f047bcae-d422-4360-b54f-44c13e20d6a3;EBAY;owner_email_address
d6cd0873-2f33-4d4a-827e-5e2a1a9b7a74;EBAY;listing_status
2b37f66b-ed0d-46a5-a5b1-8e047a960c39;EBAY;listing_status
2b37f66b-ed0d-46a5-a5b1-8e047a960c39;EBAY;owner_email_address
b0bd2da8-d71e-4b5e-8d96-43340eecda7d;EBAY;listing_status
31311b47-cee2-4ecc-bec8-c21cd9e85299;AMAZON;listing_status
3891d693-4703-40a3-8860-0794ff27efd8;AMAZON;listing_status
a535547f-0201-4971-ad03-b34916a4c867;AMAZON;listing_price
a535547f-0201-4971-ad03-b34916a4c867;AMAZON;listing_status
50bddc39-469e-4e44-b6ec-9382d78d7f15;AMAZON;listing_status
e2d0f26c-ae76-4899-80bc-db56066499fb;AMAZON;listing_status
6e626f46-8f62-4e54-8308-20f52c6be2c1;EBAY;listing_price
f0fa0b71-aea0-43be-89ab-4feb5710b37e;AMAZON;owner_email_address
81ea5cda-e842-4a97-a665-a536aa6a0163;EBAY;listing_status
ca4ddc7d-2783-435b-85d0-998dcd2a76be;EBAY;owner_email_address
1b6abdb1-ea7d-4a79-a332-26b9dd38426e;AMAZON;owner_email_address
395e3ab6-098b-44f6-9f4c-96c03e4a41e5;EBAY;owner_email_address
30424a16-6274-4edd-9df7-c5757f054e28;AMAZON;listing_status
47365012-e643-428e-ac34-423bc9716ecf;EBAY;listing_status
1e215cc8-9dcb-4ab8-ac4e-ff8b38235419;AMAZON;listing_price
8f22553d-af40-4013-80a7-2bdce12c5933;AMAZON;listing_price
8f22553d-af40-4013-80a7-2bdce12c5933;AMAZON;listing_status
0bcbb4dc-6d1e-4eb2-a8ed-b7a9de33fee0;AMAZON;listing_status
e61b71b9-ccd0-4f1d-94d5-703af602213f;EBAY;listing_status
2a84d7b4-7098-4fc1-b572-5508e7fce388;EBAY;listing_status
2a84d7b4-7098-4fc1-b572-5508e7fce388;EBAY;owner_email_address
8024918f-8d85-4cf9-94b7-f05395ec6e9f;EBAY;listing_price
8024918f-8d85-4cf9-94b7-f05395ec6e9f;EBAY;listing_status
f6bf4db6-7b9a-4caa-960c-021104db9d58;EBAY;listing_status
fe05258d-cc4c-457d-af24-a650f13d827d;AMAZON;listing_price
fe05258d-cc4c-457d-af24-a650f13d827d;AMAZON;listing_status
c888664c-0754-4f11-9692-216b515c65f8;EBAY;listing_price
c888664c-0754-4f11-9692-216b515c65f8;EBAY;owner_email_address
b3cb4f64-40d0-4022-9f23-ddb8079d7f0c;AMAZON;owner_email_address
adb295ff-641f-4c9b-96d4-809133c6fb52;AMAZON;owner_email_address
e0e84347-9952-4437-bd53-7d05bce4a065;AMAZON;listing_status
9eaafb74-8f73-424f-8bf3-512d31c3e906;AMAZON;listing_status
940f6754-f21f-48d3-adc9-1e30631a468e;AMAZON;listing_price
7e84fad2-efe4-453a-92df-03ccb1ca128f;EBAY;listing_status
3a8ca370-98e1-4c3e-834e-b976e6c06040;AMAZON;owner_email_address
11cf74a6-e49e-4d01-8a40-705af39472d5;AMAZON;listing_status
5289b7e5-d770-4a42-9ccb-a1bff95c6b06;EBAY;listing_status
0ee6f18a-2b51-4221-b319-43fb10f8a50e;AMAZON;listing_price
7956f2cc-dabd-4c80-a10c-9863577b53b0;EBAY;owner_email_address
5410a06a-47ae-4770-a54b-9133f2b82514;EBAY;listing_status
df1da35e-8fb7-4f0c-9fa1-3058b7771140;AMAZON;listing_status
672bd43a-932a-4d86-8df1-6971b3f5349e;EBAY;listing_price
f768fbc5-3cb1-40d3-82f6-6e6f026e5ef9;EBAY;listing_status
fdead6b9-469a-4c6e-b7e0-dcd2ee4a8d56;AMAZON;owner_email_address
6f607f65-2ad8-473e-810e-d95f3ce4a6c1;EBAY;listing_price
3ecdab35-25b5-4e60-bf85-0753c98dd580;AMAZON;listing_status
44059276-7cb0-4dfc-ac43-175093ff8c65;EBAY;listing_price
44059276-7cb0-4dfc-ac43-175093ff8c65;EBAY;listing_status
44725c11-009c-4c49-9adb-b3ae685099fa;EBAY;listing_status
44725c11-009c-4c49-9adb-b3ae685099fa;EBAY;owner_email_address
95d10aa7-aa7d-4af5-a530-8904dab545a1;EBAY;owner_email_address
2d80fd27-cc5a-4283-b77c-2ac7f5f0afa2;EBAY;owner_email_address
1bb44f8e-b64b-41f4-afd3-aa23d7304bb2;EBAY;listing_price
5fa4eda6-3208-433d-979f-b700df54f056;EBAY;listing_status
5fa4eda6-3208-433d-979f-b700df54f056;EBAY;owner_email_address
348cbab5-a9ff-4333-a7eb-e3e4c795c1a0;EBAY;listing_status
c84328ef-6f25-4ec3-bcfe-a3bd41d5cc4e;EBAY;listing_status
36441e7d-fe8f-4fc7-802d-e08bd8df9dce;EBAY;owner_email_address
533028ec-5845-40c4-a44f-0ede9f508f0e;AMAZON;owner_email_address
2db2c047-4f80-44ba-8d46-2fcdedfddad3;EBAY;listing_price
35e44f02-f824-4b7c-b2a9-1d975e4fddae;AMAZON;listing_status
a9188bbe-6f64-4b04-819a-e9ae36bc64d8;AMAZON;listing_price
68339277-3ad0-4f3f-8510-12eb3b7287fa;EBAY;listing_status
68339277-3ad0-4f3f-8510-12eb3b7287fa;EBAY;owner_email_address
f2525c37-8cfb-40af-ae03-e5a7bc815a94;EBAY;listing_status
403e4436-1fe9-441e-b7f1-6093365f05c7;EBAY;owner_email_address
3fd380ac-41d9-4e3e-a182-6de17c3acbeb;EBAY;owner_email_address
8dadd022-b529-4923-9bd9-8d31fcd56d7c;AMAZON;owner_email_address
867efd85-90c1-4e9d-b83a-0a9aa58093b5;AMAZON;listing_status
051d6481-9bcf-4f95-bd0c-53d59ce42060;EBAY;listing_price
9b96d8e0-f8aa-455a-8cce-f7b4bdcc3738;EBAY;listing_status
640391e4-ac30-444c-a497-9bf8f77bd379;EBAY;listing_price
6e5e8ba4-e4e0-4f30-a19c-81d0e26c4ed6;AMAZON;listing_price
6e5e8ba4-e4e0-4f30-a19c-81d0e26c4ed6;AMAZON;owner_email_address
ca040675-2182-47d4-8366-d3d215807c47;EBAY;listing_status
